datetime,generationPower
2024-05-31 21:50:00,2509.0
2024-05-31 21:55:00,1019.0
2024-05-31 22:00:00,17979.14
2024-05-31 22:05:00,1480.03
2024-05-31 22:10:00,1611.96
2024-05-31 22:15:00,1635.6
2024-05-31 22:20:00,1733.19
2024-05-31 22:25:00,1923.71
2024-05-31 22:30:00,2227.8199999999997
2024-05-31 22:35:00,2502.1
2024-05-31 22:40:00,2740.92
2024-05-31 22:45:00,3375.8599999999997
2024-05-31 22:50:00,4421.969999999999
2024-05-31 22:55:00,5304.780000000001
2024-05-31 23:00:00,6014.1900000000005
2024-05-31 23:05:00,6820.35
2024-05-31 23:10:00,6310.780000000001
2024-05-31 23:15:00,5856.02
2024-05-31 23:20:00,5839.9
2024-05-31 23:25:00,7207.639999999999
2024-05-31 23:30:00,8054.4
2024-05-31 23:35:00,8430.4
2024-05-31 23:40:00,7757.84
2024-05-31 23:45:00,7752.59
2024-05-31 23:50:00,8547.75
2024-05-31 23:55:00,8272.42
2024-06-01 00:00:00,7975.02
2024-06-01 00:05:00,5599.860000000001
2024-06-01 00:10:00,6295.8099999999995
2024-06-01 00:15:00,9457.869999999999
2024-06-01 00:20:00,14855.25
2024-06-01 00:25:00,13825.8
2024-06-01 00:30:00,13224.380000000001
2024-06-01 00:35:00,13285.060000000001
2024-06-01 00:40:00,19454.620000000003
2024-06-01 00:45:00,17334.010000000002
2024-06-01 00:50:00,16182.61
2024-06-01 00:55:00,14749.880000000001
2024-06-01 01:00:00,17129.2
2024-06-01 01:05:00,35508.25
2024-06-01 01:10:00,34463.119999999995
2024-06-01 01:15:00,26985.67
2024-06-01 01:20:00,22675.9
2024-06-01 01:25:00,21821.739999999998
2024-06-01 01:30:00,21599.65
2024-06-01 01:35:00,21646.379999999997
2024-06-01 01:40:00,20863.4
2024-06-01 01:45:00,23733.629999999997
2024-06-01 01:50:00,22698.92
2024-06-01 01:55:00,19191.02
2024-06-01 02:00:00,20208.42
2024-06-01 02:05:00,20833.21
2024-06-01 02:10:00,23483.989999999998
2024-06-01 02:15:00,28458.260000000002
2024-06-01 02:20:00,28349.98
2024-06-01 02:25:00,30537.760000000002
2024-06-01 02:30:00,28209.05
2024-06-01 02:35:00,34809.57
2024-06-01 02:40:00,33986.39
2024-06-01 02:45:00,34984.32
2024-06-01 02:50:00,43547.240000000005
2024-06-01 02:55:00,39811.42
2024-06-01 03:00:00,34431.009999999995
2024-06-01 03:05:00,29628.86
2024-06-01 03:10:00,26168.03
2024-06-01 03:15:00,23590.3
2024-06-01 03:20:00,22909.68
2024-06-01 03:25:00,20914.66
2024-06-01 03:30:00,22302.940000000002
2024-06-01 03:35:00,21869.57
2024-06-01 03:40:00,19486.059999999998
2024-06-01 03:45:00,17021.28
2024-06-01 03:50:00,16790.989999999998
2024-06-01 03:55:00,18715.379999999997
2024-06-01 04:00:00,23661.68
2024-06-01 04:05:00,28992.98
2024-06-01 04:10:00,28818.55
2024-06-01 04:15:00,27984.0
2024-06-01 04:20:00,34814.520000000004
2024-06-01 04:25:00,36016.92
2024-06-01 04:30:00,36582.729999999996
2024-06-01 04:35:00,32895.58
2024-06-01 04:40:00,33653.92
2024-06-01 04:45:00,30606.809999999998
2024-06-01 04:50:00,30310.73
2024-06-01 04:55:00,33024.03
2024-06-01 05:00:00,38942.520000000004
2024-06-01 05:05:00,38227.15
2024-06-01 05:10:00,43949.3
2024-06-01 05:15:00,44457.91
2024-06-01 05:20:00,43583.93
2024-06-01 05:25:00,37571.32
2024-06-01 05:30:00,34796.740000000005
2024-06-01 05:35:00,39044.25
2024-06-01 05:40:00,35835.729999999996
2024-06-01 05:45:00,43073.979999999996
2024-06-01 05:50:00,39960.71
2024-06-01 05:55:00,37162.490000000005
2024-06-01 06:00:00,26490.59
2024-06-01 06:05:00,27188.559999999998
2024-06-01 06:10:00,28775.53
2024-06-01 06:15:00,28054.71
2024-06-01 06:20:00,21012.14
2024-06-01 06:25:00,16583.46
2024-06-01 06:30:00,20227.0
2024-06-01 06:35:00,20174.8
2024-06-01 06:40:00,24643.940000000002
2024-06-01 06:45:00,24262.57
2024-06-01 06:50:00,17206.260000000002
2024-06-01 06:55:00,13429.57
2024-06-01 07:00:00,12789.810000000001
2024-06-01 07:05:00,15674.48
2024-06-01 07:10:00,20048.48
2024-06-01 07:15:00,15831.939999999999
2024-06-01 07:20:00,13510.46
2024-06-01 07:25:00,9226.49
2024-06-01 07:30:00,8385.310000000001
2024-06-01 07:35:00,8524.810000000001
2024-06-01 07:40:00,8503.529999999999
2024-06-01 07:45:00,8979.0
2024-06-01 07:50:00,9291.91
2024-06-01 07:55:00,9492.8
2024-06-01 08:00:00,9995.71
2024-06-01 08:05:00,11233.65
2024-06-01 08:10:00,11768.130000000001
2024-06-01 08:15:00,15871.279999999999
2024-06-01 08:20:00,44847.79
2024-06-01 08:25:00,21461.41
2024-06-01 08:30:00,14420.1
2024-06-01 08:35:00,12420.380000000001
2024-06-01 08:40:00,10132.67
2024-06-01 08:45:00,8516.35
2024-06-01 08:50:00,7587.12
2024-06-01 08:55:00,8078.34
2024-06-01 09:00:00,6506.38
2024-06-01 09:05:00,6034.469999999999
2024-06-01 09:10:00,8003.41
2024-06-01 09:15:00,8946.76
2024-06-01 09:20:00,9215.619999999999
2024-06-01 09:25:00,7452.66
2024-06-01 09:30:00,5203.9
2024-06-01 09:35:00,4899.1900000000005
2024-06-01 09:40:00,4753.17
2024-06-01 09:45:00,5268.219999999999
2024-06-01 09:50:00,4897.5
2024-06-01 09:55:00,5422.139999999999
2024-06-01 10:00:00,5109.18
2024-06-01 10:05:00,4045.1
2024-06-01 10:10:00,3606.28
2024-06-01 10:15:00,3080.29
2024-06-01 10:20:00,2699.01
2024-06-01 10:25:00,2801.1800000000003
2024-06-01 10:30:00,2810.84
2024-06-01 10:35:00,2689.2200000000003
2024-06-01 10:40:00,2525.09
2024-06-01 10:45:00,2230.02
2024-06-01 10:50:00,2084.6
2024-06-01 10:55:00,1835.89
2024-06-01 11:00:00,1672.85
2024-06-01 11:05:00,1553.16
2024-06-01 11:10:00,1524.25
2024-06-01 11:15:00,1440.49
2024-06-01 11:20:00,1431.97
2024-06-01 11:25:00,0.0
2024-06-01 11:30:00,0.0
2024-06-01 11:35:00,0.0
2024-06-01 11:40:00,0.0
2024-06-01 11:45:00,0.0
2024-06-01 11:50:00,0.0
2024-06-01 11:55:00,0.0
2024-06-01 12:00:00,0.0
2024-06-01 12:05:00,0.0
2024-06-01 12:10:00,0.0
2024-06-01 12:15:00,0.0
2024-06-01 12:20:00,0.0
2024-06-01 12:25:00,0.0
2024-06-01 12:30:00,0.0
2024-06-01 12:35:00,0.0
2024-06-01 12:40:00,0.0
2024-06-01 12:45:00,0.0
2024-06-01 12:50:00,0.0
2024-06-01 12:55:00,0.0
2024-06-01 13:00:00,0.0
2024-06-01 13:05:00,0.0
2024-06-01 13:10:00,0.0
2024-06-01 13:15:00,0.0
2024-06-01 13:20:00,0.0
2024-06-01 13:25:00,0.0
2024-06-01 13:30:00,0.0
2024-06-01 13:35:00,0.0
2024-06-01 13:40:00,0.0
2024-06-01 13:45:00,0.0
2024-06-01 13:50:00,0.0
2024-06-01 13:55:00,0.0
2024-06-01 14:00:00,0.0
2024-06-01 14:05:00,0.0
2024-06-01 14:10:00,0.0
2024-06-01 14:15:00,0.0
2024-06-01 14:20:00,0.0
2024-06-01 14:25:00,0.0
2024-06-01 14:30:00,0.0
2024-06-01 14:35:00,0.0
2024-06-01 14:40:00,0.0
2024-06-01 14:45:00,0.0
2024-06-01 14:50:00,0.0
2024-06-01 14:55:00,0.0
2024-06-01 15:00:00,0.0
2024-06-01 15:05:00,0.0
2024-06-01 15:10:00,0.0
2024-06-01 15:15:00,0.0
2024-06-01 15:20:00,0.0
2024-06-01 15:25:00,0.0
2024-06-01 15:30:00,0.0
2024-06-01 15:35:00,0.0
2024-06-01 15:40:00,0.0
2024-06-01 15:45:00,0.0
2024-06-01 15:50:00,0.0
2024-06-01 15:55:00,0.0
2024-06-01 16:00:00,0.0
2024-06-01 16:05:00,0.0
2024-06-01 16:10:00,0.0
2024-06-01 16:15:00,0.0
2024-06-01 16:20:00,0.0
2024-06-01 16:25:00,0.0
2024-06-01 16:30:00,0.0
2024-06-01 16:35:00,0.0
2024-06-01 16:40:00,0.0
2024-06-01 16:45:00,0.0
2024-06-01 16:50:00,0.0
2024-06-01 16:55:00,0.0
2024-06-01 17:00:00,0.0
2024-06-01 17:05:00,0.0
2024-06-01 17:10:00,0.0
2024-06-01 17:15:00,0.0
2024-06-01 17:20:00,0.0
2024-06-01 17:25:00,0.0
2024-06-01 17:30:00,0.0
2024-06-01 17:35:00,0.0
2024-06-01 17:40:00,0.0
2024-06-01 17:45:00,0.0
2024-06-01 17:50:00,0.0
2024-06-01 17:55:00,0.0
2024-06-01 18:00:00,0.0
2024-06-01 18:05:00,0.0
2024-06-01 18:10:00,0.0
2024-06-01 18:15:00,0.0
2024-06-01 18:20:00,0.0
2024-06-01 18:25:00,0.0
2024-06-01 18:30:00,0.0
2024-06-01 18:35:00,0.0
2024-06-01 18:40:00,0.0
2024-06-01 18:45:00,0.0
2024-06-01 18:50:00,0.0
2024-06-01 18:55:00,0.0
2024-06-01 19:00:00,0.0
2024-06-01 19:05:00,0.0
2024-06-01 19:10:00,0.0
2024-06-01 19:15:00,0.0
2024-06-01 19:20:00,0.0
2024-06-01 19:25:00,0.0
2024-06-01 19:30:00,0.0
2024-06-01 19:35:00,0.0
2024-06-01 19:40:00,0.0
2024-06-01 19:45:00,0.0
2024-06-01 19:50:00,0.0
2024-06-01 19:55:00,0.0
2024-06-01 20:00:00,0.0
2024-06-01 20:05:00,0.0
2024-06-01 20:10:00,0.0
2024-06-01 20:15:00,0.0
2024-06-01 20:20:00,0.0
2024-06-01 20:25:00,0.0
2024-06-01 20:30:00,0.0
2024-06-01 20:35:00,0.0
2024-06-01 20:40:00,0.0
2024-06-01 20:45:00,0.0
2024-06-01 20:50:00,0.0
2024-06-01 20:55:00,0.0
2024-06-01 21:00:00,0.0
2024-06-01 21:05:00,0.0
2024-06-01 21:10:00,0.0
2024-06-01 21:15:00,0.0
2024-06-01 21:20:00,0.0
2024-06-01 21:25:00,0.0
2024-06-01 21:30:00,0.0
2024-06-01 21:35:00,0.0
2024-06-01 21:40:00,0.0
2024-06-01 21:45:00,0.0
2024-06-01 21:50:00,13904.0
2024-06-01 21:55:00,26616.0
2024-06-01 22:00:00,0.0
2024-06-01 22:05:00,1461.68
2024-06-01 22:10:00,1490.24
2024-06-01 22:15:00,1553.98
2024-06-01 22:20:00,1647.07
2024-06-01 22:25:00,1676.87
2024-06-01 22:30:00,1774.95
2024-06-01 22:35:00,2029.33
2024-06-01 22:40:00,2352.6800000000003
2024-06-01 22:45:00,1678.78
2024-06-01 22:50:00,1818.77
2024-06-01 22:55:00,2029.54
2024-06-01 23:00:00,2277.64
2024-06-01 23:05:00,2713.86
2024-06-01 23:10:00,2885.43
2024-06-01 23:15:00,3360.01
2024-06-01 23:20:00,4028.75
2024-06-01 23:25:00,4139.05
2024-06-01 23:30:00,6362.13
2024-06-01 23:35:00,7362.77
2024-06-01 23:40:00,7303.8
2024-06-01 23:45:00,9150.46
2024-06-01 23:50:00,9705.45
2024-06-01 23:55:00,10236.31
2024-06-02 00:00:00,10438.74
2024-06-02 00:05:00,10995.35
2024-06-02 00:10:00,12720.93
2024-06-02 00:15:00,13014.94
2024-06-02 00:20:00,8540.54
2024-06-02 00:25:00,7709.49
2024-06-02 00:30:00,8546.36
2024-06-02 00:35:00,8802.67
2024-06-02 00:40:00,8262.59
2024-06-02 00:45:00,8363.49
2024-06-02 00:50:00,8284.75
2024-06-02 00:55:00,7578.96
2024-06-02 01:00:00,7720.59
2024-06-02 01:05:00,7446.85
2024-06-02 01:10:00,8779.12
2024-06-02 01:15:00,10421.22
2024-06-02 01:20:00,21424.59
2024-06-02 01:25:00,11340.64
2024-06-02 01:30:00,17098.23
2024-06-02 01:35:00,20457.32
2024-06-02 01:40:00,21903.53
2024-06-02 01:45:00,22393.49
2024-06-02 01:50:00,13299.72
2024-06-02 01:55:00,22981.31
2024-06-02 02:00:00,22000.75
2024-06-02 02:05:00,17065.03
2024-06-02 02:10:00,22085.23
2024-06-02 02:15:00,22693.07
2024-06-02 02:20:00,22739.36
2024-06-02 02:25:00,22815.26
2024-06-02 02:30:00,22904.11
2024-06-02 02:35:00,23045.93
2024-06-02 02:40:00,23499.33
2024-06-02 02:45:00,23604.51
2024-06-02 02:50:00,24004.97
2024-06-02 02:55:00,24161.4
2024-06-02 03:00:00,24134.32
2024-06-02 03:05:00,24784.48
2024-06-02 03:10:00,24981.23
2024-06-02 03:15:00,25114.39
2024-06-02 03:20:00,25188.96
2024-06-02 03:25:00,25639.89
2024-06-02 03:30:00,25914.06
2024-06-02 03:35:00,25673.99
2024-06-02 03:40:00,26009.2
2024-06-02 03:45:00,26082.89
2024-06-02 03:50:00,26504.54
2024-06-02 03:55:00,26674.34
2024-06-02 04:00:00,26526.78
2024-06-02 04:05:00,26470.9
2024-06-02 04:10:00,26163.62
2024-06-02 04:15:00,26536.74
2024-06-02 04:20:00,26502.87
2024-06-02 04:25:00,26875.29
2024-06-02 04:30:00,26767.7
2024-06-02 04:35:00,26999.92
2024-06-02 04:40:00,26986.46
2024-06-02 04:45:00,28323.5
2024-06-02 04:50:00,17637.05
2024-06-02 04:55:00,28805.24
2024-06-02 05:00:00,11430.44
2024-06-02 05:05:00,12486.77
2024-06-02 05:10:00,28208.38
2024-06-02 05:15:00,27110.31
2024-06-02 05:20:00,26858.79
2024-06-02 05:25:00,26161.3
2024-06-02 05:30:00,26002.16
2024-06-02 05:35:00,26273.68
2024-06-02 05:40:00,26121.69
2024-06-02 05:45:00,26206.55
2024-06-02 05:50:00,26136.97
2024-06-02 05:55:00,25529.51
2024-06-02 06:00:00,25704.85
2024-06-02 06:05:00,24999.24
2024-06-02 06:10:00,25807.43
2024-06-02 06:15:00,25224.31
2024-06-02 06:20:00,20972.24
2024-06-02 06:25:00,23748.39
2024-06-02 06:30:00,23635.98
2024-06-02 06:35:00,23568.61
2024-06-02 06:40:00,23153.14
2024-06-02 06:45:00,22787.26
2024-06-02 06:50:00,21692.34
2024-06-02 06:55:00,22639.79
2024-06-02 07:00:00,16435.84
2024-06-02 07:05:00,22722.21
2024-06-02 07:10:00,22378.24
2024-06-02 07:15:00,22836.56
2024-06-02 07:20:00,13116.82
2024-06-02 07:25:00,23935.3
2024-06-02 07:30:00,15375.52
2024-06-02 07:35:00,19384.7
2024-06-02 07:40:00,21057.14
2024-06-02 07:45:00,15339.44
2024-06-02 07:50:00,20243.19
2024-06-02 07:55:00,18417.97
2024-06-02 08:00:00,17580.34
2024-06-02 08:05:00,17708.22
2024-06-02 08:10:00,15875.15
2024-06-02 08:15:00,11346.13
2024-06-02 08:20:00,10837.64
2024-06-02 08:25:00,16111.8
2024-06-02 08:30:00,15500.47
2024-06-02 08:35:00,9082.22
2024-06-02 08:40:00,7886.54
2024-06-02 08:45:00,9864.0
2024-06-02 08:50:00,13535.3
2024-06-02 08:55:00,12157.41
2024-06-02 09:00:00,10920.33
2024-06-02 09:05:00,9698.87
2024-06-02 09:10:00,6448.92
2024-06-02 09:15:00,9318.8
2024-06-02 09:20:00,6663.3
2024-06-02 09:25:00,4105.91
2024-06-02 09:30:00,4498.78
2024-06-02 09:35:00,4119.82
2024-06-02 09:40:00,3491.23
2024-06-02 09:45:00,2929.8
2024-06-02 09:50:00,2931.07
2024-06-02 09:55:00,2916.27
2024-06-02 10:00:00,2783.29
2024-06-02 10:05:00,2624.45
2024-06-02 10:10:00,2302.88
2024-06-02 10:15:00,2272.58
2024-06-02 10:20:00,2577.98
2024-06-02 10:25:00,2576.6
2024-06-02 10:30:00,2419.41
2024-06-02 10:35:00,2358.12
2024-06-02 10:40:00,2240.72
2024-06-02 10:45:00,2084.78
2024-06-02 10:50:00,1794.06
2024-06-02 10:55:00,1546.39
2024-06-02 11:00:00,1430.12
2024-06-02 11:05:00,1363.91
2024-06-02 11:10:00,1334.96
2024-06-02 11:15:00,1306.24
2024-06-02 11:20:00,1281.19
2024-06-02 11:25:00,1305.52
2024-06-02 11:30:00,0.0
2024-06-02 11:35:00,0.0
2024-06-02 11:40:00,0.0
2024-06-02 11:45:00,0.0
2024-06-02 11:50:00,0.0
2024-06-02 11:55:00,0.0
2024-06-02 12:00:00,0.0
2024-06-02 12:05:00,0.0
2024-06-02 12:10:00,0.0
2024-06-02 12:15:00,0.0
2024-06-02 12:20:00,0.0
2024-06-02 12:25:00,0.0
2024-06-02 12:30:00,0.0
2024-06-02 12:35:00,0.0
2024-06-02 12:40:00,0.0
2024-06-02 12:45:00,0.0
2024-06-02 12:50:00,0.0
2024-06-02 12:55:00,0.0
2024-06-02 13:00:00,0.0
2024-06-02 13:05:00,0.0
2024-06-02 13:10:00,0.0
2024-06-02 13:15:00,0.0
2024-06-02 13:20:00,0.0
2024-06-02 13:25:00,0.0
2024-06-02 13:30:00,0.0
2024-06-02 13:35:00,0.0
2024-06-02 13:40:00,0.0
2024-06-02 13:45:00,0.0
2024-06-02 13:50:00,0.0
2024-06-02 13:55:00,0.0
2024-06-02 14:00:00,0.0
2024-06-02 14:05:00,0.0
2024-06-02 14:10:00,0.0
2024-06-02 14:15:00,0.0
2024-06-02 14:20:00,0.0
2024-06-02 14:25:00,0.0
2024-06-02 14:30:00,0.0
2024-06-02 14:35:00,0.0
2024-06-02 14:40:00,0.0
2024-06-02 14:45:00,0.0
2024-06-02 14:50:00,0.0
2024-06-02 14:55:00,0.0
2024-06-02 15:00:00,0.0
2024-06-02 15:05:00,0.0
2024-06-02 15:10:00,0.0
2024-06-02 15:15:00,0.0
2024-06-02 15:20:00,0.0
2024-06-02 15:25:00,0.0
2024-06-02 15:30:00,0.0
2024-06-02 15:35:00,0.0
2024-06-02 15:40:00,0.0
2024-06-02 15:45:00,0.0
2024-06-02 15:50:00,0.0
2024-06-02 15:55:00,0.0
2024-06-02 16:00:00,0.0
2024-06-02 16:05:00,0.0
2024-06-02 16:10:00,0.0
2024-06-02 16:15:00,0.0
2024-06-02 16:20:00,0.0
2024-06-02 16:25:00,0.0
2024-06-02 16:30:00,0.0
2024-06-02 16:35:00,0.0
2024-06-02 16:40:00,0.0
2024-06-02 16:45:00,0.0
2024-06-02 16:50:00,0.0
2024-06-02 16:55:00,0.0
2024-06-02 17:00:00,0.0
2024-06-02 17:05:00,0.0
2024-06-02 17:10:00,0.0
2024-06-02 17:15:00,0.0
2024-06-02 17:20:00,0.0
2024-06-02 17:25:00,0.0
2024-06-02 17:30:00,0.0
2024-06-02 17:35:00,0.0
2024-06-02 17:40:00,0.0
2024-06-02 17:45:00,0.0
2024-06-02 17:50:00,0.0
2024-06-02 17:55:00,0.0
2024-06-02 18:00:00,0.0
2024-06-02 18:05:00,0.0
2024-06-02 18:10:00,0.0
2024-06-02 18:15:00,0.0
2024-06-02 18:20:00,0.0
2024-06-02 18:25:00,0.0
2024-06-02 18:30:00,0.0
2024-06-02 18:35:00,0.0
2024-06-02 18:40:00,0.0
2024-06-02 18:45:00,0.0
2024-06-02 18:50:00,0.0
2024-06-02 18:55:00,0.0
2024-06-02 19:00:00,0.0
2024-06-02 19:05:00,0.0
2024-06-02 19:10:00,0.0
2024-06-02 19:15:00,0.0
2024-06-02 19:20:00,0.0
2024-06-02 19:25:00,0.0
2024-06-02 19:30:00,0.0
2024-06-02 19:35:00,0.0
2024-06-02 19:40:00,0.0
2024-06-02 19:45:00,0.0
2024-06-02 19:50:00,0.0
2024-06-02 19:55:00,0.0
2024-06-02 20:00:00,0.0
2024-06-02 20:05:00,0.0
2024-06-02 20:10:00,0.0
2024-06-02 20:15:00,0.0
2024-06-02 20:20:00,0.0
2024-06-02 20:25:00,0.0
2024-06-02 20:30:00,0.0
2024-06-02 20:35:00,0.0
2024-06-02 20:40:00,0.0
2024-06-02 20:45:00,0.0
2024-06-02 20:50:00,0.0
2024-06-02 20:55:00,0.0
2024-06-02 21:00:00,0.0
2024-06-02 21:05:00,0.0
2024-06-02 21:10:00,0.0
2024-06-02 21:15:00,0.0
2024-06-02 21:20:00,0.0
2024-06-02 21:25:00,0.0
2024-06-02 21:30:00,0.0
2024-06-02 21:35:00,0.0
2024-06-02 21:40:00,0.0
2024-06-02 21:45:00,0.0
2024-06-02 21:50:00,0.0
2024-06-02 21:55:00,0.0
2024-06-02 22:00:00,0.0
2024-06-02 22:05:00,0.0
2024-06-02 22:10:00,0.0
2024-06-02 22:15:00,0.0
2024-06-02 22:20:00,0.0
2024-06-02 22:25:00,0.0
2024-06-02 22:30:00,0.0
2024-06-02 22:35:00,0.0
2024-06-02 22:40:00,0.0
2024-06-02 22:45:00,1410.92
2024-06-02 22:50:00,1342.59
2024-06-02 22:55:00,0.0
2024-06-02 23:00:00,1259.16
2024-06-02 23:05:00,1346.17
2024-06-02 23:10:00,0.0
2024-06-02 23:15:00,1385.88
2024-06-02 23:20:00,0.0
2024-06-02 23:25:00,1297.75
2024-06-02 23:30:00,1323.76
2024-06-02 23:35:00,159.75
2024-06-02 23:40:00,1342.7
2024-06-02 23:45:00,1367.18
2024-06-02 23:50:00,1350.07
2024-06-02 23:55:00,1343.44
2024-06-03 00:00:00,1342.44
2024-06-03 00:05:00,1364.47
2024-06-03 00:10:00,1386.7
2024-06-03 00:15:00,1375.9
2024-06-03 00:20:00,1393.81
2024-06-03 00:25:00,1371.25
2024-06-03 00:30:00,1350.91
2024-06-03 00:35:00,1465.67
2024-06-03 00:40:00,1595.11
2024-06-03 00:45:00,1772.7
2024-06-03 00:50:00,1844.99
2024-06-03 00:55:00,2517.17
2024-06-03 01:00:00,2750.14
2024-06-03 01:05:00,2503.16
2024-06-03 01:10:00,2480.53
2024-06-03 01:15:00,2712.46
2024-06-03 01:20:00,3760.15
2024-06-03 01:25:00,4237.65
2024-06-03 01:30:00,4296.6
2024-06-03 01:35:00,4709.77
2024-06-03 01:40:00,5023.39
2024-06-03 01:45:00,4894.77
2024-06-03 01:50:00,4907.74
2024-06-03 01:55:00,6610.53
2024-06-03 02:00:00,5990.51
2024-06-03 02:05:00,5375.66
2024-06-03 02:10:00,5972.18
2024-06-03 02:15:00,5843.35
2024-06-03 02:20:00,5921.51
2024-06-03 02:25:00,6232.25
2024-06-03 02:30:00,5364.42
2024-06-03 02:35:00,4241.1
2024-06-03 02:40:00,3832.08
2024-06-03 02:45:00,3642.0
2024-06-03 02:50:00,3535.73
2024-06-03 02:55:00,3957.88
2024-06-03 03:00:00,4817.11
2024-06-03 03:05:00,5172.24
2024-06-03 03:10:00,6305.42
2024-06-03 03:15:00,6235.84
2024-06-03 03:20:00,5849.54
2024-06-03 03:25:00,5656.77
2024-06-03 03:30:00,5847.1
2024-06-03 03:35:00,5907.85
2024-06-03 03:40:00,6911.58
2024-06-03 03:45:00,7078.42
2024-06-03 03:50:00,7077.9
2024-06-03 03:55:00,8263.29
2024-06-03 04:00:00,9096.39
2024-06-03 04:05:00,9145.96
2024-06-03 04:10:00,8791.75
2024-06-03 04:15:00,10917.12
2024-06-03 04:20:00,9985.14
2024-06-03 04:25:00,7648.94
2024-06-03 04:30:00,6755.14
2024-06-03 04:35:00,6036.53
2024-06-03 04:40:00,4598.38
2024-06-03 04:45:00,5088.04
2024-06-03 04:50:00,6992.07
2024-06-03 04:55:00,7902.66
2024-06-03 05:00:00,7598.82
2024-06-03 05:05:00,4712.93
2024-06-03 05:10:00,5770.27
2024-06-03 05:15:00,7081.84
2024-06-03 05:20:00,7303.25
2024-06-03 05:25:00,8430.99
2024-06-03 05:30:00,7944.55
2024-06-03 05:35:00,7138.95
2024-06-03 05:40:00,7975.23
2024-06-03 05:45:00,9802.1
2024-06-03 05:50:00,9100.31
2024-06-03 05:55:00,8561.79
2024-06-03 06:00:00,8442.96
2024-06-03 06:05:00,9892.31
2024-06-03 06:10:00,14331.39
2024-06-03 06:15:00,9489.85
2024-06-03 06:20:00,8508.86
2024-06-03 06:25:00,9396.76
2024-06-03 06:30:00,5208.72
2024-06-03 06:35:00,4273.14
2024-06-03 06:40:00,3244.65
2024-06-03 06:45:00,3056.09
2024-06-03 06:50:00,3258.18
2024-06-03 06:55:00,3798.49
2024-06-03 07:00:00,5807.49
2024-06-03 07:05:00,9317.93
2024-06-03 07:10:00,10013.28
2024-06-03 07:15:00,8326.2
2024-06-03 07:20:00,7874.6
2024-06-03 07:25:00,9765.1
2024-06-03 07:30:00,7012.46
2024-06-03 07:35:00,6869.06
2024-06-03 07:40:00,5768.93
2024-06-03 07:45:00,6365.69
2024-06-03 07:50:00,6565.84
2024-06-03 07:55:00,8865.22
2024-06-03 08:00:00,10824.9
2024-06-03 08:05:00,9265.14
2024-06-03 08:10:00,10019.44
2024-06-03 08:15:00,7596.42
2024-06-03 08:20:00,5244.97
2024-06-03 08:25:00,4030.88
2024-06-03 08:30:00,2994.53
2024-06-03 08:35:00,2628.87
2024-06-03 08:40:00,2840.52
2024-06-03 08:45:00,3072.81
2024-06-03 08:50:00,2670.25
2024-06-03 08:55:00,2761.92
2024-06-03 09:00:00,2972.69
2024-06-03 09:05:00,3890.9
2024-06-03 09:10:00,4429.64
2024-06-03 09:15:00,3263.36
2024-06-03 09:20:00,3342.37
2024-06-03 09:25:00,3451.56
2024-06-03 09:30:00,2995.13
2024-06-03 09:35:00,3696.17
2024-06-03 09:40:00,3177.34
2024-06-03 09:45:00,3281.04
2024-06-03 09:50:00,2939.49
2024-06-03 09:55:00,2697.79
2024-06-03 10:00:00,2346.13
2024-06-03 10:05:00,2208.86
2024-06-03 10:10:00,2043.7
2024-06-03 10:15:00,1789.51
2024-06-03 10:20:00,1652.81
2024-06-03 10:25:00,1534.71
2024-06-03 10:30:00,1420.9
2024-06-03 10:35:00,1393.54
2024-06-03 10:40:00,1319.51
2024-06-03 10:45:00,1320.82
2024-06-03 10:50:00,1296.66
2024-06-03 10:55:00,1321.46
2024-06-03 11:00:00,1300.48
2024-06-03 11:05:00,1272.04
2024-06-03 11:10:00,0.0
2024-06-03 11:15:00,1292.62
2024-06-03 11:20:00,276.44
2024-06-03 11:25:00,0.0
2024-06-03 11:30:00,0.0
2024-06-03 11:35:00,0.0
2024-06-03 11:40:00,0.0
2024-06-03 11:45:00,0.0
2024-06-03 11:50:00,0.0
2024-06-03 11:55:00,0.0
2024-06-03 12:00:00,0.0
2024-06-03 12:05:00,0.0
2024-06-03 12:10:00,0.0
2024-06-03 12:15:00,0.0
2024-06-03 12:20:00,0.0
2024-06-03 12:25:00,0.0
2024-06-03 12:30:00,0.0
2024-06-03 12:35:00,0.0
2024-06-03 12:40:00,0.0
2024-06-03 12:45:00,0.0
2024-06-03 12:50:00,0.0
2024-06-03 12:55:00,0.0
2024-06-03 13:00:00,0.0
2024-06-03 13:05:00,0.0
2024-06-03 13:10:00,0.0
2024-06-03 13:15:00,0.0
2024-06-03 13:20:00,0.0
2024-06-03 13:25:00,0.0
2024-06-03 13:30:00,0.0
2024-06-03 13:35:00,0.0
2024-06-03 13:40:00,0.0
2024-06-03 13:45:00,0.0
2024-06-03 13:50:00,0.0
2024-06-03 13:55:00,0.0
2024-06-03 14:00:00,0.0
2024-06-03 14:05:00,0.0
2024-06-03 14:10:00,0.0
2024-06-03 14:15:00,0.0
2024-06-03 14:20:00,0.0
2024-06-03 14:25:00,0.0
2024-06-03 14:30:00,0.0
2024-06-03 14:35:00,0.0
2024-06-03 14:40:00,0.0
2024-06-03 14:45:00,0.0
2024-06-03 14:50:00,0.0
2024-06-03 14:55:00,0.0
2024-06-03 15:00:00,0.0
2024-06-03 15:05:00,0.0
2024-06-03 15:10:00,0.0
2024-06-03 15:15:00,0.0
2024-06-03 15:20:00,0.0
2024-06-03 15:25:00,0.0
2024-06-03 15:30:00,0.0
2024-06-03 15:35:00,0.0
2024-06-03 15:40:00,0.0
2024-06-03 15:45:00,0.0
2024-06-03 15:50:00,0.0
2024-06-03 15:55:00,0.0
2024-06-03 16:00:00,0.0
2024-06-03 16:05:00,0.0
2024-06-03 16:10:00,0.0
2024-06-03 16:15:00,0.0
2024-06-03 16:20:00,0.0
2024-06-03 16:25:00,0.0
2024-06-03 16:30:00,0.0
2024-06-03 16:35:00,0.0
2024-06-03 16:40:00,0.0
2024-06-03 16:45:00,0.0
2024-06-03 16:50:00,0.0
2024-06-03 16:55:00,0.0
2024-06-03 17:00:00,0.0
2024-06-03 17:05:00,0.0
2024-06-03 17:10:00,0.0
2024-06-03 17:15:00,0.0
2024-06-03 17:20:00,0.0
2024-06-03 17:25:00,0.0
2024-06-03 17:30:00,0.0
2024-06-03 17:35:00,0.0
2024-06-03 17:40:00,0.0
2024-06-03 17:45:00,0.0
2024-06-03 17:50:00,0.0
2024-06-03 17:55:00,0.0
2024-06-03 18:00:00,0.0
2024-06-03 18:05:00,0.0
2024-06-03 18:10:00,0.0
2024-06-03 18:15:00,0.0
2024-06-03 18:20:00,0.0
2024-06-03 18:25:00,0.0
2024-06-03 18:30:00,0.0
2024-06-03 18:35:00,0.0
2024-06-03 18:40:00,0.0
2024-06-03 18:45:00,0.0
2024-06-03 18:50:00,0.0
2024-06-03 18:55:00,0.0
2024-06-03 19:00:00,0.0
2024-06-03 19:05:00,0.0
2024-06-03 19:10:00,0.0
2024-06-03 19:15:00,0.0
2024-06-03 19:20:00,0.0
2024-06-03 19:25:00,0.0
2024-06-03 19:30:00,0.0
2024-06-03 19:35:00,0.0
2024-06-03 19:40:00,0.0
2024-06-03 19:45:00,0.0
2024-06-03 19:50:00,0.0
2024-06-03 19:55:00,0.0
2024-06-03 20:00:00,0.0
2024-06-03 20:05:00,0.0
2024-06-03 20:10:00,0.0
2024-06-03 20:15:00,0.0
2024-06-03 20:20:00,0.0
2024-06-03 20:25:00,0.0
2024-06-03 20:30:00,0.0
2024-06-03 20:35:00,0.0
2024-06-03 20:40:00,0.0
2024-06-03 20:45:00,0.0
2024-06-03 20:50:00,0.0
2024-06-03 20:55:00,0.0
2024-06-03 21:00:00,0.0
2024-06-03 21:05:00,0.0
2024-06-03 21:10:00,0.0
2024-06-03 21:15:00,0.0
2024-06-03 21:20:00,0.0
2024-06-03 21:25:00,0.0
2024-06-03 21:30:00,0.0
2024-06-03 21:35:00,0.0
2024-06-03 21:40:00,0.0
2024-06-03 21:45:00,0.0
2024-06-03 21:50:00,0.0
2024-06-03 21:55:00,0.0
2024-06-03 22:00:00,0.0
2024-06-03 22:05:00,0.0
2024-06-03 22:10:00,1437.36
2024-06-03 22:15:00,1458.8
2024-06-03 22:20:00,1432.98
2024-06-03 22:25:00,1476.32
2024-06-03 22:30:00,1407.88
2024-06-03 22:35:00,1434.3
2024-06-03 22:40:00,1407.21
2024-06-03 22:45:00,1501.58
2024-06-03 22:50:00,1647.75
2024-06-03 22:55:00,1509.8
2024-06-03 23:00:00,1469.58
2024-06-03 23:05:00,1513.66
2024-06-03 23:10:00,1393.08
2024-06-03 23:15:00,1351.06
2024-06-03 23:20:00,1398.76
2024-06-03 23:25:00,1308.16
2024-06-03 23:30:00,1352.6
2024-06-03 23:35:00,1353.22
2024-06-03 23:40:00,1514.95
2024-06-03 23:45:00,1423.81
2024-06-03 23:50:00,1515.1
2024-06-03 23:55:00,1577.96
2024-06-04 00:00:00,1572.84
2024-06-04 00:05:00,1438.1
2024-06-04 00:10:00,1484.78
2024-06-04 00:15:00,1503.7
2024-06-04 00:20:00,1438.67
2024-06-04 00:25:00,1361.07
2024-06-04 00:30:00,1364.3
2024-06-04 00:35:00,1384.7
2024-06-04 00:40:00,1315.32
2024-06-04 00:45:00,1317.09
2024-06-04 00:50:00,1315.46
2024-06-04 00:55:00,1409.19
2024-06-04 01:00:00,1381.16
2024-06-04 01:05:00,1379.15
2024-06-04 01:10:00,1378.12
2024-06-04 01:15:00,1423.72
2024-06-04 01:20:00,1676.15
2024-06-04 01:25:00,1913.03
2024-06-04 01:30:00,2059.45
2024-06-04 01:35:00,2198.27
2024-06-04 01:40:00,1993.25
2024-06-04 01:45:00,2112.78
2024-06-04 01:50:00,2582.81
2024-06-04 01:55:00,2696.96
2024-06-04 02:00:00,2694.62
2024-06-04 02:05:00,2671.69
2024-06-04 02:10:00,2697.48
2024-06-04 02:15:00,2544.29
2024-06-04 02:20:00,2411.59
2024-06-04 02:25:00,2459.47
2024-06-04 02:30:00,2459.61
2024-06-04 02:35:00,1737.66
2024-06-04 02:40:00,1553.0
2024-06-04 02:45:00,1457.49
2024-06-04 02:50:00,1671.66
2024-06-04 02:55:00,1530.2
2024-06-04 03:00:00,1369.54
2024-06-04 03:05:00,1436.7
2024-06-04 03:10:00,1890.26
2024-06-04 03:15:00,2874.64
2024-06-04 03:20:00,3848.77
2024-06-04 03:25:00,4356.15
2024-06-04 03:30:00,6492.04
2024-06-04 03:35:00,7872.87
2024-06-04 03:40:00,8403.46
2024-06-04 03:45:00,7911.79
2024-06-04 03:50:00,8193.72
2024-06-04 03:55:00,8209.56
2024-06-04 04:00:00,11150.91
2024-06-04 04:05:00,13340.85
2024-06-04 04:10:00,12384.79
2024-06-04 04:15:00,11461.58
2024-06-04 04:20:00,12967.25
2024-06-04 04:25:00,16863.87
2024-06-04 04:30:00,16069.35
2024-06-04 04:35:00,13636.34
2024-06-04 04:40:00,12221.81
2024-06-04 04:45:00,15605.73
2024-06-04 04:50:00,13598.67
2024-06-04 04:55:00,9810.44
2024-06-04 05:00:00,6774.1
2024-06-04 05:05:00,6180.66
2024-06-04 05:10:00,7695.53
2024-06-04 05:15:00,17094.66
2024-06-04 05:20:00,29805.25
2024-06-04 05:25:00,25039.82
2024-06-04 05:30:00,25059.18
2024-06-04 05:35:00,18503.66
2024-06-04 05:40:00,29915.52
2024-06-04 05:45:00,17608.24
2024-06-04 05:50:00,16941.12
2024-06-04 05:55:00,15262.29
2024-06-04 06:00:00,19800.4
2024-06-04 06:05:00,25975.66
2024-06-04 06:10:00,17036.58
2024-06-04 06:15:00,14045.54
2024-06-04 06:20:00,18679.88
2024-06-04 06:25:00,9342.48
2024-06-04 06:30:00,6192.79
2024-06-04 06:35:00,7576.79
2024-06-04 06:40:00,9296.02
2024-06-04 06:45:00,11426.72
2024-06-04 06:50:00,11364.48
2024-06-04 06:55:00,10488.06
2024-06-04 07:00:00,11292.62
2024-06-04 07:05:00,12321.3
2024-06-04 07:10:00,9414.82
2024-06-04 07:15:00,9708.14
2024-06-04 07:20:00,10013.58
2024-06-04 07:25:00,8587.82
2024-06-04 07:30:00,8422.22
2024-06-04 07:35:00,6239.16
2024-06-04 07:40:00,4272.27
2024-06-04 07:45:00,5345.88
2024-06-04 07:50:00,5102.09
2024-06-04 07:55:00,3054.44
2024-06-04 08:00:00,2159.37
2024-06-04 08:05:00,1872.49
2024-06-04 08:10:00,1688.96
2024-06-04 08:15:00,1451.67
2024-06-04 08:20:00,1450.37
2024-06-04 08:25:00,1500.5
2024-06-04 08:30:00,1357.62
2024-06-04 08:35:00,1336.65
2024-06-04 08:40:00,1356.74
2024-06-04 08:45:00,1381.86
2024-06-04 08:50:00,1430.52
2024-06-04 08:55:00,1503.3
2024-06-04 09:00:00,1525.42
2024-06-04 09:05:00,1549.37
2024-06-04 09:10:00,1573.93
2024-06-04 09:15:00,1665.67
2024-06-04 09:20:00,1757.37
2024-06-04 09:25:00,1753.68
2024-06-04 09:30:00,1753.85
2024-06-04 09:35:00,1846.66
2024-06-04 09:40:00,1962.34
2024-06-04 09:45:00,1991.22
2024-06-04 09:50:00,2037.63
2024-06-04 09:55:00,2041.32
2024-06-04 10:00:00,2040.81
2024-06-04 10:05:00,2062.68
2024-06-04 10:10:00,1774.7
2024-06-04 10:15:00,1727.01
2024-06-04 10:20:00,1678.95
2024-06-04 10:25:00,1655.28
2024-06-04 10:30:00,1656.96
2024-06-04 10:35:00,1660.22
2024-06-04 10:40:00,1614.54
2024-06-04 10:45:00,1447.46
2024-06-04 10:50:00,1422.72
2024-06-04 10:55:00,1377.05
2024-06-04 11:00:00,1332.65
2024-06-04 11:05:00,1306.0
2024-06-04 11:10:00,1305.6
2024-06-04 11:15:00,0.0
2024-06-04 11:20:00,1309.3
2024-06-04 11:25:00,654.65
2024-06-04 11:30:00,0.0
2024-06-04 11:35:00,0.0
2024-06-04 11:40:00,0.0
2024-06-04 11:45:00,0.0
2024-06-04 11:50:00,0.0
2024-06-04 11:55:00,0.0
2024-06-04 12:00:00,0.0
2024-06-04 12:05:00,0.0
2024-06-04 12:10:00,0.0
2024-06-04 12:15:00,0.0
2024-06-04 12:20:00,0.0
2024-06-04 12:25:00,0.0
2024-06-04 12:30:00,0.0
2024-06-04 12:35:00,0.0
2024-06-04 12:40:00,0.0
2024-06-04 12:45:00,0.0
2024-06-04 12:50:00,0.0
2024-06-04 12:55:00,0.0
2024-06-04 13:00:00,0.0
2024-06-04 13:05:00,0.0
2024-06-04 13:10:00,0.0
2024-06-04 13:15:00,0.0
2024-06-04 13:20:00,0.0
2024-06-04 13:25:00,0.0
2024-06-04 13:30:00,0.0
2024-06-04 13:35:00,0.0
2024-06-04 13:40:00,0.0
2024-06-04 13:45:00,0.0
2024-06-04 13:50:00,0.0
2024-06-04 13:55:00,0.0
2024-06-04 14:00:00,0.0
2024-06-04 14:05:00,0.0
2024-06-04 14:10:00,0.0
2024-06-04 14:15:00,0.0
2024-06-04 14:20:00,0.0
2024-06-04 14:25:00,0.0
2024-06-04 14:30:00,0.0
2024-06-04 14:35:00,0.0
2024-06-04 14:40:00,0.0
2024-06-04 14:45:00,0.0
2024-06-04 14:50:00,0.0
2024-06-04 14:55:00,0.0
2024-06-04 15:00:00,0.0
2024-06-04 15:05:00,0.0
2024-06-04 15:10:00,0.0
2024-06-04 15:15:00,0.0
2024-06-04 15:20:00,0.0
2024-06-04 15:25:00,0.0
2024-06-04 15:30:00,0.0
2024-06-04 15:35:00,0.0
2024-06-04 15:40:00,0.0
2024-06-04 15:45:00,0.0
2024-06-04 15:50:00,0.0
2024-06-04 15:55:00,0.0
2024-06-04 16:00:00,0.0
2024-06-04 16:05:00,0.0
2024-06-04 16:10:00,0.0
2024-06-04 16:15:00,0.0
2024-06-04 16:20:00,0.0
2024-06-04 16:25:00,0.0
2024-06-04 16:30:00,0.0
2024-06-04 16:35:00,0.0
2024-06-04 16:40:00,0.0
2024-06-04 16:45:00,0.0
2024-06-04 16:50:00,0.0
2024-06-04 16:55:00,0.0
2024-06-04 17:00:00,0.0
2024-06-04 17:05:00,0.0
2024-06-04 17:10:00,0.0
2024-06-04 17:15:00,0.0
2024-06-04 17:20:00,0.0
2024-06-04 17:25:00,0.0
2024-06-04 17:30:00,0.0
2024-06-04 17:35:00,0.0
2024-06-04 17:40:00,0.0
2024-06-04 17:45:00,0.0
2024-06-04 17:50:00,0.0
2024-06-04 17:55:00,0.0
2024-06-04 18:00:00,0.0
2024-06-04 18:05:00,0.0
2024-06-04 18:10:00,0.0
2024-06-04 18:15:00,0.0
2024-06-04 18:20:00,0.0
2024-06-04 18:25:00,0.0
2024-06-04 18:30:00,0.0
2024-06-04 18:35:00,0.0
2024-06-04 18:40:00,0.0
2024-06-04 18:45:00,0.0
2024-06-04 18:50:00,0.0
2024-06-04 18:55:00,0.0
2024-06-04 19:00:00,0.0
2024-06-04 19:05:00,0.0
2024-06-04 19:10:00,0.0
2024-06-04 19:15:00,0.0
2024-06-04 19:20:00,0.0
2024-06-04 19:25:00,0.0
2024-06-04 19:30:00,0.0
2024-06-04 19:35:00,0.0
2024-06-04 19:40:00,0.0
2024-06-04 19:45:00,0.0
2024-06-04 19:50:00,0.0
2024-06-04 19:55:00,0.0
2024-06-04 20:00:00,0.0
2024-06-04 20:05:00,0.0
2024-06-04 20:10:00,0.0
2024-06-04 20:15:00,0.0
2024-06-04 20:20:00,0.0
2024-06-04 20:25:00,0.0
2024-06-04 20:30:00,0.0
2024-06-04 20:35:00,0.0
2024-06-04 20:40:00,0.0
2024-06-04 20:45:00,0.0
2024-06-04 20:50:00,0.0
2024-06-04 20:55:00,0.0
2024-06-04 21:00:00,0.0
2024-06-04 21:05:00,0.0
2024-06-04 21:10:00,0.0
2024-06-04 21:15:00,0.0
2024-06-04 21:20:00,0.0
2024-06-04 21:25:00,0.0
2024-06-04 21:30:00,0.0
2024-06-04 21:35:00,0.0
2024-06-04 21:40:00,0.0
2024-06-04 21:45:00,0.0
2024-06-04 21:50:00,0.0
2024-06-04 21:55:00,0.0
2024-06-04 22:00:00,0.0
2024-06-04 22:05:00,0.0
2024-06-04 22:10:00,1455.38
2024-06-04 22:15:00,1384.78
2024-06-04 22:20:00,1428.19
2024-06-04 22:25:00,1404.08
2024-06-04 22:30:00,1376.98
2024-06-04 22:35:00,1377.7
2024-06-04 22:40:00,1376.67
2024-06-04 22:45:00,1448.06
2024-06-04 22:50:00,1452.56
2024-06-04 22:55:00,1383.66
2024-06-04 23:00:00,1407.95
2024-06-04 23:05:00,1410.77
2024-06-04 23:10:00,1435.16
2024-06-04 23:15:00,1499.98
2024-06-04 23:20:00,1594.77
2024-06-04 23:25:00,1613.82
2024-06-04 23:30:00,1616.01
2024-06-04 23:35:00,1797.07
2024-06-04 23:40:00,1803.78
2024-06-04 23:45:00,2035.22
2024-06-04 23:50:00,2378.2
2024-06-04 23:55:00,2561.48
2024-06-05 00:00:00,2843.76
2024-06-05 00:05:00,2976.81
2024-06-05 00:10:00,3160.76
2024-06-05 00:15:00,3144.25
2024-06-05 00:20:00,3103.15
2024-06-05 00:25:00,3270.09
2024-06-05 00:30:00,3678.5
2024-06-05 00:35:00,3396.29
2024-06-05 00:40:00,3128.39
2024-06-05 00:45:00,3507.48
2024-06-05 00:50:00,3483.06
2024-06-05 00:55:00,3643.26
2024-06-05 01:00:00,4136.86
2024-06-05 01:05:00,5402.23
2024-06-05 01:10:00,5995.73
2024-06-05 01:15:00,6964.21
2024-06-05 01:20:00,6437.46
2024-06-05 01:25:00,6775.63
2024-06-05 01:30:00,5324.18
2024-06-05 01:35:00,5329.91
2024-06-05 01:40:00,6892.33
2024-06-05 01:45:00,7006.38
2024-06-05 01:50:00,6090.26
2024-06-05 01:55:00,5614.99
2024-06-05 02:00:00,5074.13
2024-06-05 02:05:00,4101.7
2024-06-05 02:10:00,3278.17
2024-06-05 02:15:00,3037.86
2024-06-05 02:20:00,3107.26
2024-06-05 02:25:00,2997.98
2024-06-05 02:30:00,3245.77
2024-06-05 02:35:00,3470.9
2024-06-05 02:40:00,3748.97
2024-06-05 02:45:00,3500.83
2024-06-05 02:50:00,3303.2
2024-06-05 02:55:00,3427.5
2024-06-05 03:00:00,4004.28
2024-06-05 03:05:00,4372.91
2024-06-05 03:10:00,5514.82
2024-06-05 03:15:00,6945.17
2024-06-05 03:20:00,8050.83
2024-06-05 03:25:00,7424.84
2024-06-05 03:30:00,6874.59
2024-06-05 03:35:00,5627.33
2024-06-05 03:40:00,5656.61
2024-06-05 03:45:00,5926.8
2024-06-05 03:50:00,5891.5
2024-06-05 03:55:00,6739.89
2024-06-05 04:00:00,6516.59
2024-06-05 04:05:00,6119.52
2024-06-05 04:10:00,5395.09
2024-06-05 04:15:00,4851.13
2024-06-05 04:20:00,5040.38
2024-06-05 04:25:00,4951.42
2024-06-05 04:30:00,5141.08
2024-06-05 04:35:00,4791.69
2024-06-05 04:40:00,4699.19
2024-06-05 04:45:00,3909.5
2024-06-05 04:50:00,3771.57
2024-06-05 04:55:00,4501.46
2024-06-05 05:00:00,5010.63
2024-06-05 05:05:00,4787.66
2024-06-05 05:10:00,4520.4
2024-06-05 05:15:00,4738.33
2024-06-05 05:20:00,4689.2
2024-06-05 05:25:00,4413.76
2024-06-05 05:30:00,4535.64
2024-06-05 05:35:00,4560.18
2024-06-05 05:40:00,4056.69
2024-06-05 05:45:00,3580.74
2024-06-05 05:50:00,3573.82
2024-06-05 05:55:00,3541.08
2024-06-05 06:00:00,2702.54
2024-06-05 06:05:00,2844.08
2024-06-05 06:10:00,3295.26
2024-06-05 06:15:00,3579.9
2024-06-05 06:20:00,4142.78
2024-06-05 06:25:00,4639.99
2024-06-05 06:30:00,5098.52
2024-06-05 06:35:00,5727.47
2024-06-05 06:40:00,6442.75
2024-06-05 06:45:00,7566.27
2024-06-05 06:50:00,8568.93
2024-06-05 06:55:00,9306.98
2024-06-05 07:00:00,8382.51
2024-06-05 07:05:00,8943.19
2024-06-05 07:10:00,9744.45
2024-06-05 07:15:00,9043.74
2024-06-05 07:20:00,8786.3
2024-06-05 07:25:00,8047.08
2024-06-05 07:30:00,7625.98
2024-06-05 07:35:00,7337.86
2024-06-05 07:40:00,7118.97
2024-06-05 07:45:00,6803.46
2024-06-05 07:50:00,6452.99
2024-06-05 07:55:00,5857.7
2024-06-05 08:00:00,5914.69
2024-06-05 08:05:00,5455.91
2024-06-05 08:10:00,5696.87
2024-06-05 08:15:00,6263.06
2024-06-05 08:20:00,7218.49
2024-06-05 08:25:00,6571.74
2024-06-05 08:30:00,6415.01
2024-06-05 08:35:00,6376.19
2024-06-05 08:40:00,6121.95
2024-06-05 08:45:00,5578.13
2024-06-05 08:50:00,5215.76
2024-06-05 08:55:00,4342.12
2024-06-05 09:00:00,3985.41
2024-06-05 09:05:00,3915.33
2024-06-05 09:10:00,3439.44
2024-06-05 09:15:00,3094.98
2024-06-05 09:20:00,2706.78
2024-06-05 09:25:00,2226.41
2024-06-05 09:30:00,1899.08
2024-06-05 09:35:00,1756.49
2024-06-05 09:40:00,1748.86
2024-06-05 09:45:00,1844.08
2024-06-05 09:50:00,1939.01
2024-06-05 09:55:00,1749.52
2024-06-05 10:00:00,1752.86
2024-06-05 10:05:00,1753.02
2024-06-05 10:10:00,1680.57
2024-06-05 10:15:00,1697.45
2024-06-05 10:20:00,1537.89
2024-06-05 10:25:00,1492.58
2024-06-05 10:30:00,1466.06
2024-06-05 10:35:00,1492.82
2024-06-05 10:40:00,1497.11
2024-06-05 10:45:00,1546.1
2024-06-05 10:50:00,1573.02
2024-06-05 10:55:00,1637.49
2024-06-05 11:00:00,1521.57
2024-06-05 11:05:00,1523.95
2024-06-05 11:10:00,1405.7
2024-06-05 11:15:00,1360.97
2024-06-05 11:20:00,1362.53
2024-06-05 11:25:00,1360.38
2024-06-05 11:30:00,1358.86
2024-06-05 11:35:00,1347.8123577235772
2024-06-05 11:40:00,1336.7647154471545
2024-06-05 11:45:00,1325.7170731707315
2024-06-05 11:50:00,1314.6694308943088
2024-06-05 11:55:00,1303.621788617886
2024-06-05 12:00:00,1292.5741463414633
2024-06-05 12:05:00,1281.5265040650406
2024-06-05 12:10:00,1270.478861788618
2024-06-05 12:15:00,1259.431219512195
2024-06-05 12:20:00,1248.3835772357722
2024-06-05 12:25:00,1237.3359349593495
2024-06-05 12:30:00,1226.2882926829268
2024-06-05 12:35:00,1215.2406504065038
2024-06-05 12:40:00,1204.1930081300811
2024-06-05 12:45:00,1193.1453658536584
2024-06-05 12:50:00,1182.0977235772357
2024-06-05 12:55:00,1171.050081300813
2024-06-05 13:00:00,1160.0024390243902
2024-06-05 13:05:00,1148.9547967479675
2024-06-05 13:10:00,1137.9071544715446
2024-06-05 13:15:00,1126.8595121951219
2024-06-05 13:20:00,1115.8118699186991
2024-06-05 13:25:00,1104.7642276422764
2024-06-05 13:30:00,1093.7165853658535
2024-06-05 13:35:00,1082.6689430894307
2024-06-05 13:40:00,1071.621300813008
2024-06-05 13:45:00,1060.5736585365853
2024-06-05 13:50:00,1049.5260162601626
2024-06-05 13:55:00,1038.4783739837399
2024-06-05 14:00:00,1027.4307317073171
2024-06-05 14:05:00,1016.3830894308942
2024-06-05 14:10:00,1005.3354471544715
2024-06-05 14:15:00,994.2878048780487
2024-06-05 14:20:00,983.2401626016259
2024-06-05 14:25:00,972.1925203252032
2024-06-05 14:30:00,961.1448780487804
2024-06-05 14:35:00,950.0972357723576
2024-06-05 14:40:00,939.0495934959349
2024-06-05 14:45:00,928.0019512195122
2024-06-05 14:50:00,916.9543089430894
2024-06-05 14:55:00,905.9066666666665
2024-06-05 15:00:00,894.8590243902438
2024-06-05 15:05:00,883.8113821138211
2024-06-05 15:10:00,872.7637398373984
2024-06-05 15:15:00,861.7160975609755
2024-06-05 15:20:00,850.6684552845528
2024-06-05 15:25:00,839.62081300813
2024-06-05 15:30:00,828.5731707317073
2024-06-05 15:35:00,817.5255284552845
2024-06-05 15:40:00,806.4778861788617
2024-06-05 15:45:00,795.430243902439
2024-06-05 15:50:00,784.3826016260161
2024-06-05 15:55:00,773.3349593495934
2024-06-05 16:00:00,762.2873170731707
2024-06-05 16:05:00,751.2396747967479
2024-06-05 16:10:00,740.1920325203251
2024-06-05 16:15:00,729.1443902439024
2024-06-05 16:20:00,718.0967479674796
2024-06-05 16:25:00,707.0491056910569
2024-06-05 16:30:00,696.0014634146341
2024-06-05 16:35:00,684.9538211382113
2024-06-05 16:40:00,673.9061788617886
2024-06-05 16:45:00,662.8585365853658
2024-06-05 16:50:00,651.810894308943
2024-06-05 16:55:00,640.7632520325203
2024-06-05 17:00:00,629.7156097560975
2024-06-05 17:05:00,618.6679674796748
2024-06-05 17:10:00,607.6203252032519
2024-06-05 17:15:00,596.5726829268292
2024-06-05 17:20:00,585.5250406504065
2024-06-05 17:25:00,574.4773983739836
2024-06-05 17:30:00,563.4297560975609
2024-06-05 17:35:00,552.3821138211382
2024-06-05 17:40:00,541.3344715447154
2024-06-05 17:45:00,530.2868292682926
2024-06-05 17:50:00,519.2391869918699
2024-06-05 17:55:00,508.1915447154471
2024-06-05 18:00:00,497.1439024390244
2024-06-05 18:05:00,486.09626016260154
2024-06-05 18:10:00,475.0486178861788
2024-06-05 18:15:00,464.0009756097561
2024-06-05 18:20:00,452.95333333333326
2024-06-05 18:25:00,441.90569105691054
2024-06-05 18:30:00,430.8580487804877
2024-06-05 18:35:00,419.810406504065
2024-06-05 18:40:00,408.76276422764226
2024-06-05 18:45:00,397.71512195121943
2024-06-05 18:50:00,386.6674796747967
2024-06-05 18:55:00,375.619837398374
2024-06-05 19:00:00,364.57219512195115
2024-06-05 19:05:00,353.52455284552843
2024-06-05 19:10:00,342.4769105691057
2024-06-05 19:15:00,331.429268292683
2024-06-05 19:20:00,320.38162601626004
2024-06-05 19:25:00,309.3339837398373
2024-06-05 19:30:00,298.2863414634146
2024-06-05 19:35:00,287.2386991869919
2024-06-05 19:40:00,276.19105691056916
2024-06-05 19:45:00,265.1434146341462
2024-06-05 19:50:00,254.0957723577235
2024-06-05 19:55:00,243.04813008130077
2024-06-05 20:00:00,232.00048780487805
2024-06-05 20:05:00,220.95284552845533
2024-06-05 20:10:00,209.90520325203238
2024-06-05 20:15:00,198.85756097560966
2024-06-05 20:20:00,187.80991869918694
2024-06-05 20:25:00,176.76227642276422
2024-06-05 20:30:00,165.7146341463415
2024-06-05 20:35:00,154.66699186991877
2024-06-05 20:40:00,143.61934959349583
2024-06-05 20:45:00,132.5717073170731
2024-06-05 20:50:00,121.52406504065038
2024-06-05 20:55:00,110.47642276422766
2024-06-05 21:00:00,99.42878048780494
2024-06-05 21:05:00,88.381138211382
2024-06-05 21:10:00,77.33349593495927
2024-06-05 21:15:00,66.28585365853655
2024-06-05 21:20:00,55.23821138211383
2024-06-05 21:25:00,44.19056910569111
2024-06-05 21:30:00,33.14292682926839
2024-06-05 21:35:00,22.095284552845442
2024-06-05 21:40:00,11.047642276422721
2024-06-05 21:45:00,0.0
2024-06-05 21:50:00,0.0
2024-06-05 21:55:00,0.0
2024-06-05 22:00:00,0.0
2024-06-05 22:05:00,1388.56
2024-06-05 22:10:00,1452.66
2024-06-05 22:15:00,1474.56
2024-06-05 22:20:00,1474.97
2024-06-05 22:25:00,1524.72
2024-06-05 22:30:00,1479.87
2024-06-05 22:35:00,1524.46
2024-06-05 22:40:00,1577.76
2024-06-05 22:45:00,1645.04
2024-06-05 22:50:00,1594.36
2024-06-05 22:55:00,1640.52
2024-06-05 23:00:00,1664.62
2024-06-05 23:05:00,1806.73
2024-06-05 23:10:00,1835.22
2024-06-05 23:15:00,2418.67
2024-06-05 23:20:00,3040.77
2024-06-05 23:25:00,2407.48
2024-06-05 23:30:00,2047.65
2024-06-05 23:35:00,2370.3
2024-06-05 23:40:00,2749.07
2024-06-05 23:45:00,2870.01
2024-06-05 23:50:00,2538.45
2024-06-05 23:55:00,2418.24
2024-06-06 00:00:00,2125.42
2024-06-06 00:05:00,2033.55
2024-06-06 00:10:00,2032.5
2024-06-06 00:15:00,2271.53
2024-06-06 00:20:00,2337.29
2024-06-06 00:25:00,2012.82
2024-06-06 00:30:00,1962.67
2024-06-06 00:35:00,1875.1
2024-06-06 00:40:00,2132.98
2024-06-06 00:45:00,3373.72
2024-06-06 00:50:00,2987.41
2024-06-06 00:55:00,2995.08
2024-06-06 01:00:00,2736.7
2024-06-06 01:05:00,2291.41
2024-06-06 01:10:00,2287.55
2024-06-06 01:15:00,2389.37
2024-06-06 01:20:00,2860.05
2024-06-06 01:25:00,2692.81
2024-06-06 01:30:00,3179.38
2024-06-06 01:35:00,3745.4
2024-06-06 01:40:00,6366.79
2024-06-06 01:45:00,7773.72
2024-06-06 01:50:00,7371.3
2024-06-06 01:55:00,6125.12
2024-06-06 02:00:00,6053.1
2024-06-06 02:05:00,4857.86
2024-06-06 02:10:00,4841.53
2024-06-06 02:15:00,3792.94
2024-06-06 02:20:00,4121.51
2024-06-06 02:25:00,5575.44
2024-06-06 02:30:00,7758.84
2024-06-06 02:35:00,8061.7
2024-06-06 02:40:00,11045.31
2024-06-06 02:45:00,11139.14
2024-06-06 02:50:00,12233.89
2024-06-06 02:55:00,12311.29
2024-06-06 03:00:00,12158.2
2024-06-06 03:05:00,8391.38
2024-06-06 03:10:00,7189.11
2024-06-06 03:15:00,14600.94
2024-06-06 03:20:00,18149.01
2024-06-06 03:25:00,12727.94
2024-06-06 03:30:00,8957.15
2024-06-06 03:35:00,6376.31
2024-06-06 03:40:00,5345.87
2024-06-06 03:45:00,4569.62
2024-06-06 03:50:00,4594.12
2024-06-06 03:55:00,5221.23
2024-06-06 04:00:00,5518.26
2024-06-06 04:05:00,7177.88
2024-06-06 04:10:00,8095.04
2024-06-06 04:15:00,7714.01
2024-06-06 04:20:00,8973.38
2024-06-06 04:25:00,7491.79
2024-06-06 04:30:00,6386.33
2024-06-06 04:35:00,7551.53
2024-06-06 04:40:00,8962.68
2024-06-06 04:45:00,8629.81
2024-06-06 04:50:00,9928.84
2024-06-06 04:55:00,8789.91
2024-06-06 05:00:00,9673.88
2024-06-06 05:05:00,8725.65
2024-06-06 05:10:00,8487.76
2024-06-06 05:15:00,8361.12
2024-06-06 05:20:00,8909.51
2024-06-06 05:25:00,8278.04
2024-06-06 05:30:00,8124.21
2024-06-06 05:35:00,7867.04
2024-06-06 05:40:00,7149.76
2024-06-06 05:45:00,8415.14
2024-06-06 05:50:00,9045.58
2024-06-06 05:55:00,8744.18
2024-06-06 06:00:00,7296.18
2024-06-06 06:05:00,7025.51
2024-06-06 06:10:00,7174.85
2024-06-06 06:15:00,6657.32
2024-06-06 06:20:00,7226.2
2024-06-06 06:25:00,7897.47
2024-06-06 06:30:00,16852.6
2024-06-06 06:35:00,16988.59
2024-06-06 06:40:00,16771.629999999997
2024-06-06 06:45:00,19531.43
2024-06-06 06:50:00,24015.07
2024-06-06 06:55:00,17787.35
2024-06-06 07:00:00,13537.85
2024-06-06 07:05:00,11695.36
2024-06-06 07:10:00,14101.82
2024-06-06 07:15:00,18639.08
2024-06-06 07:20:00,25515.58
2024-06-06 07:25:00,20415.02
2024-06-06 07:30:00,20995.85
2024-06-06 07:35:00,23455.2
2024-06-06 07:40:00,25464.25
2024-06-06 07:45:00,20454.8
2024-06-06 07:50:00,16835.83
2024-06-06 07:55:00,20846.870000000003
2024-06-06 08:00:00,20501.489999999998
2024-06-06 08:05:00,15352.29
2024-06-06 08:10:00,15312.49
2024-06-06 08:15:00,20398.28
2024-06-06 08:20:00,15679.89
2024-06-06 08:25:00,10308.34
2024-06-06 08:30:00,6926.0
2024-06-06 08:35:00,5187.5599999999995
2024-06-06 08:40:00,4315.49
2024-06-06 08:45:00,4285.99
2024-06-06 08:50:00,4278.610000000001
2024-06-06 08:55:00,4835.24
2024-06-06 09:00:00,4881.139999999999
2024-06-06 09:05:00,4486.21
2024-06-06 09:10:00,3887.92
2024-06-06 09:15:00,3369.4300000000003
2024-06-06 09:20:00,3151.74
2024-06-06 09:25:00,3004.04
2024-06-06 09:30:00,2665.3
2024-06-06 09:35:00,2202.75
2024-06-06 09:40:00,2044.05
2024-06-06 09:45:00,1984.31
2024-06-06 09:50:00,1971.4
2024-06-06 09:55:00,1992.85
2024-06-06 10:00:00,1944.64
2024-06-06 10:05:00,1872.07
2024-06-06 10:10:00,1709.16
2024-06-06 10:15:00,1751.76
2024-06-06 10:20:00,1696.06
2024-06-06 10:25:00,1622.78
2024-06-06 10:30:00,1610.09
2024-06-06 10:35:00,1601.26
2024-06-06 10:40:00,1665.58
2024-06-06 10:45:00,1722.0
2024-06-06 10:50:00,1756.31
2024-06-06 10:55:00,1737.37
2024-06-06 11:00:00,1621.85
2024-06-06 11:05:00,1550.63
2024-06-06 11:10:00,1503.52
2024-06-06 11:15:00,1435.7
2024-06-06 11:20:00,1462.36
2024-06-06 11:25:00,0.0
2024-06-06 11:30:00,0.0
2024-06-06 11:35:00,0.0
